original_text,char_pert,word_pert,adv_pert,true_label,original_pred,char_pred,word_pred,adv_pred,original_conf,char_conf,word_conf,adv_conf
<user> chile the ghetto ðŸ’€ ðŸ’€ ðŸ’€ they mustve stole it coz they hate u i,<u$er> chile the gh37to ðŸ’€ ðŸ’€ ðŸ’€ th3y mus7ve st0l3 1t (oz th3y hte u i,<user> chile the ghetto ðŸ’€ ðŸ’€ ðŸ’€ they mustve stole it coz they hatred u i,in my opinion <user> chile the ghetto ðŸ’€ kind of ðŸ’€ ðŸ’€ they mustve stole it coz they hate u i,1,1,0,1,1,0.7319555878639221,0.5374293923377991,0.7491441965103149,0.7329107522964478
holly serial killer wtf are you retard ðŸ˜¨ ðŸ˜¨ ðŸ˜¨,holl s3r1al kill3 w7f a3 y0 retar ðŸ˜¨ ðŸ˜¨ ðŸ˜¨,holly sequential killer wtf are you retard ðŸ˜¨ ðŸ˜¨ ðŸ˜¨,holly serial killer somewhat wtf in my opinion are you retard ðŸ˜¨ ðŸ˜¨ ðŸ˜¨ quite,1,1,0,1,1,0.7039347887039185,0.7725501656532288,0.7245158553123474,0.6234342455863953
<user> a redneck woman,<user> a ren3ck womn,woman <user> a redneck,<user> a somewhat redneck in my opinion woman,1,0,0,0,0,0.6518131494522095,0.788284182548523,0.8900321125984192,0.6475009322166443
fun fact did you know kardashian is armenian for nigger lover,fun f@ct d1d ou kn0w k@rashian1s armni@nf0r nigger l0vr,fun fact did you know kardashian is armenian for jigaboo buff,fun fact did you know kardashian kind of is armenian for nigger lover in my opinion,2,1,0,0,1,0.5269498825073242,0.7752881646156311,0.930446207523346,0.5566232204437256
different caliber rifles being fired shoddy aim isis listed vegas as a city they are targeting if it looks like a dune coon and acts like a dune coon update it looks more like antifa but the female suspect did reportedly visit the me just last year,diff3ent calib3r rifl3$ b3ing ied $hoddy aimisi$ list3d vea$ @s a(iy 7hy r3 tareting if 17 ook$ l1ke a n c0o and ac7$ like a dunec0on update i7 lo0ks m01k3 ant1fa but th3 female suspe(t did r3p0r73ly vi$1t te m just last ear,different caliber rifles embody fired shoddy aim isis heel vegas as a metropolis they are aim if it looks like a dune spade and acts like a dune nigga update it looks more like antifa but the female suspect did reportedly inspect the me just last class,different caliber very rifles being fired shoddy aim isis listed vegas as a city they are targeting if it looks like a dune coon and acts like a dune coon update it looks more like antifa but the female suspect did reportedly visit the me just last year,2,1,1,1,1,0.5785607695579529,0.6255411505699158,0.7777203321456909,0.5857169032096863
pro tip the niggers do not care if you never owned slaves granddaddy fought the natzis or great great grandad ground the confederacy into dust with the boot heel of the proto bolshevik yankee gubment force of weight and arms behind it they hate you because you are white and you exist altright,pro t1p th n1ger dono7 (are if you e^3 own3d $lae randady ought th natzi o great gea7 grandad gr0un the conf3deracyint0 dust i7h t3 boot h33l of 7he pro7o bos3vik ynkee gubment for(3 of weight ad @rms behind it th3y hate you be(@u$3 youar wh1t3 and you exi$t al7ght,pro tip the niggers suffice not attention if you never owned slaves granddaddy fought the natzis or great great grandad background the confederation into dust with the bang heel of the proto bolshevik yankee gubment force of weight and arms behind it they hate you because you are white and you subsist altright,pro tip the niggers do not care if you never owned slaves granddaddy fought the natzis or great great grandad ground the confederacy into dust with the boot heel of the proto really bolshevik yankee gubment force of perhaps weight and perhaps arms behind it they hate you because you are white and you exist altright,2,1,1,1,1,0.9467315673828125,0.7919500470161438,0.9487613439559937,0.9483577013015747
i bet your queers have a hard time typing the word pussy that is why you shit logs smell like ass and astro glide,1 btyour #uers h@ve @ hard timetpin he wod pu$sy 7hat i hy ou shit logs smell ike as$ and a7ro gli3,i bet your queers have ampere hard sentence typewriting the Logos pussy that is why you dickhead logs feel like ass and astro glide,i bet your somewhat queers have a hard time typing the word pussy that is why you shit logs smell like ass and astro glide,1,1,1,1,1,0.9516382217407227,0.7117168307304382,0.9563131928443909,0.9501990675926208
labour concillor in telford more concerned about someones words on twitter than paki moslem gangs raping white children,labou c0ncllor in elf0rd more (0nc3rn3d @osmen3s words on tw1tter th@paki m0slm gangs raping whitechildren,labour concillor in telford more concerned about someones words along twitter than paki Islamic gangs raping white children,labour concillor in telford more concerned about someones very words on twitter than paki moslem gangs raping white children,2,0,1,0,0,0.5811305046081543,0.6901426911354065,0.5156615972518921,0.5667932629585266
bitches be just as messy ass these faggot ass niggas,bit(he$ be just @$ me$$y s$ these fagg07 ass niggas,grouse be just as messy ass these queer ass niggas,bitches be just as messy ass perhaps these faggot ass niggas,1,1,1,1,1,0.9088665246963501,0.8510012030601501,0.8445017337799072,0.9097066521644592
<user> you forgot to mention illegal muslim refugee,<usr> you forgot to men7i0n ill3g@l msl1m r3fugee,illegal muslim refugee <user> you forgot to mention,rather <user> in my opinion you forgot to mention illegal personally muslim refugee,1,1,0,1,1,0.6136540770530701,0.6904423832893372,0.6438953280448914,0.5442339777946472
<user> normalize hating white people,<$er> n0rmal1ze hat1ng white peope,<user> normalize hating white people,<user> rather personally normalize hating white people somewhat,1,0,0,0,0,0.5672221183776855,0.6301751732826233,0.5672221183776855,0.5862546563148499
we sound stupid when we talk ghetto remember white women calling jewelry bling it was embarrassing to hear my favorite is white guys wearing their pants below their asses whoever told them this was cool,3 sound tupid wh3n wetalk gh3t7o rem3mber hit3 women(alling welry bling i7 w$ embarrassing 70 h3ar my f@vori73 i$ whte gu$ wear1ng thir pantsb3low the1r @$3s who3v3r 70ld 7hem thi$ w@$ (o0l,we sound stupid when we talk ghetto remember white charwoman visit jewelry bling IT be embarrassing to hear my favorite is tweed guys erosion their pants below their asses whoever told them this was coolheaded,we sound stupid when we talk ghetto remember white women calling jewelry bling it was embarrassing to hear my favorite is white guys in my opinion wearing their pants below their asses whoever perhaps told them this was cool,1,1,1,1,1,0.879866361618042,0.8884050846099854,0.9678887128829956,0.8796016573905945
let me go and watch power because you niggers have no respect,l3t me g and wtch power bcus3 you nigg3rs a^e no r3$p3(t,let me exit and watch power because you coon have nobelium respect,let me go kind of and watch power because you niggers have no respect in my opinion really,2,1,1,1,1,0.9703590869903564,0.6952410340309143,0.969254732131958,0.9696046113967896
trump and the lawless republican party have turned this country into a shithole country with no justice no authority to enforce our laws any longer this potus and mcconnell senate are declaring that they are above our laws but the peasant citizens must obey the laws,trmp and the lawle republ1(an party a^3 turn3d th1s country 1to a sh17hoe(0un7ry wi7h no juti(3 no @uthorityt enforce our laws @ny longe 7hisp7us and mcconnell sen@te are d3cl@ring that hey @re @bov 0ur laws bt the pe@san (i7izen$ must b3y7he l@$,mcconnell senate be declaring that they are supra our laws but the peasant citizen must obey the jurisprudence scoop and the outlaw republican party feature turned this country into a shithole country with no justice no sureness to enforce our laws any longer this potus and,trump and the lawless republican rather party have turned this country into a shithole country really with no justice somewhat no authority to enforce our laws any longer this potus and mcconnell senate are declaring that they are above our laws but the peasant citizens must obey the laws,0,1,1,1,1,0.5783097743988037,0.6080924272537231,0.5512344837188721,0.6272504329681396
fuck that ghetto bitch she attacked a mother with child by pouring a drink on her and then punching her she punked the mother out in front of her child and in public people who do not know how to behave civilized should not be out in public,uck that ghe770 bit(h s3 a77ak3d a mo7her w1th child b pouring @ drink o he and 7npunch1ng h3r she punke 7he mo7h3rout n fr0t of her child and 1n publc eopl3 who do not know hw 70 beha^3 civ1zed $houd ot b3 ou7 in public,hump that ghetto beef she attacked a mother with minor by pelt a drink along her and so punching her she punked the beget out in breast of her child and IN populace people who do non know how to acquit civilized should non be kayoed in populace,fuck that ghetto bitch she attacked a mother in my opinion with child by pouring a drink on her and then punching her she punked the mother out in personally front of her child and in public people who do not know how to behave civilized should not be out in public,1,1,1,1,1,0.93974769115448,0.81916344165802,0.934951663017273,0.8993323445320129
standup purity spiraled iself into a singer songwriter ghetto so that talented performers like a bob hope are not considered real comedians cause they paid other ppl to write jokes for them,$tadu purity$pir@l3d ise 1n0 @ s1nger $ongwritergh37t0 $0 th@ 7lentedperorm3rs l1k3 @ bb hope @re n0 (onsdered 3@l (oedi@ns caus3 7heypi ot3 ppl 7o write jo3s for them,standup purity spiraled iself into a vocalizer songwriter ghetto so that talented performers like a bob hope comprise not considered real comic cause they paid former ppl to write jokes for them,standup purity spiraled iself maybe into a singer songwriter ghetto so that talented performers like a bob hope are not considered real somewhat comedians cause they paid other ppl to write jokes for them,0,1,1,1,1,0.6818112134933472,0.5966320037841797,0.6383790969848633,0.7097804546356201
we are talking about people dick not m ms and the same can apply for white men should we ban white men or ban them from buying guns,we ar3talking @b0ut peopl3 dck n07 m m @nd 7h $ame c@n apply for whit3 m3n sh0uld we ba white men0r b@n th3m from buying gus,we exist talking about citizenry pecker not m 1000 and the Lapplander crapper apply for white men should we ban white men or banning them from purchasing guns,we are talking about people dick not m ms and the same can apply for white men should really we ban white men or ban them from buying guns,1,1,1,1,1,0.6074730157852173,0.6354291439056396,0.6327598690986633,0.6520341038703918
<user> <user> <user> instead break pakistan no illegal pak muslim immigrants allowed in india i mean the word illegal,<u$er><user> <u$3r> instead re@k paki$tn no 1ll3g@l p@k mul1m immigrants allowed 1n indi@i mean he word ill3@l,<user> <user> instead break pakistan no illegal pak muslim immigrant provide in india one mean the word illegal <user>,<user> <user> <user> instead break pakistan really no illegal pak muslim immigrants allowed in my opinion in india i mean the word illegal,0,1,1,1,1,0.7239193320274353,0.5103895664215088,0.7769518494606018,0.689640462398529
fuck off you nigger loving whore your mom need a slap upside the head for boring such a chicken shit pansy,fuc off you ngger l0ving wore y0ur mom ee  sap up$ide he head for boring such @ (hi(kn sh1t @n$y,fuck off you coon loving cyprian your mom need a slapdash top the head for boring such a wimp shit pansy,fuck off you nigger loving whore kind of your mom need a really slap upside the head for boring such a chicken shit pansy,2,1,1,1,1,0.9699339866638184,0.8974863886833191,0.9549601674079895,0.9682108759880066
<user> <user> climate change is a fucking hoax,us3r <us> (limte(h@nge is a fcking hax,<user> <user> climate change is a fucking hoax,<user> <user> climate change maybe is somewhat a somewhat fucking hoax,0,0,1,0,0,0.8368133902549744,0.6200774908065796,0.8368133902549744,0.8647746443748474
these yuri boards need to stop the purpose of life is to perpetuate the species two girls cannot reproduce two girls would not make good parents sociologists agree children reared in gay households are more likely to be homosexual all this proves yuri is immoral and wrong it just science,thes3 uri bo@rdseed to $top thurp0$3 0f l1fe is t prpetute 7he $p3(ies two girl c@nn0t rerodu(e 7wogils would 07mak good parent$ $oci0log1st$ agr3 children re@redin gay h0usehold$ ar3 oe lkely to be h0mo$3xual all th1s proves yr1 is 1mmo@l and wrong 1t just science,species 2 girls cannot reproduce II fille would not make good parents sociologist agree children reared in festive households comprise more likely to be homosexual all this proves yuri is immoral and wrong it just science these yuri card need to stop the intent of life is to perpetuate the,these yuri boards need to stop the purpose of life is to perpetuate the species two girls cannot reproduce two girls would not make good parents sociologists agree maybe very children reared in gay households are more likely to be homosexual all this proves yuri is immoral and wrong it just science,1,1,1,1,1,0.7957007884979248,0.7497419714927673,0.6929875612258911,0.8208550810813904
do not deny it wasn t a scary few days he did immediately blame both sides dems say not enough on mon he does not mention the violence of antifa blm only condemns kk white supremacists nazis the altright had the permit with zero police protection beaten maced an error on trumps part,o no7 dny it wasn ta $cary few ays he d1d 1mmed1atel blame both sid$ dm $ay not 3nogh n mon he doe$ no7 menti0n the vio3n(e of @nt1@ bl 0ly condmns kkwhit3 upre@c$ts nazi$ the altriht h@d 7h3 prmit wth zero polic3 prot3ct10n be@7e ma(ed @n errr 0n trumps part,do not deny it wasn t a shivery few days he did immediately blamed both sides dems say not plenty along Mon he does non note the violence of antifa blm only condemns kk white supremacists nazi the altright had the permit with zero police protection beaten maced an error along trumps part,do not deny it wasn t a scary few days he did immediately blame both sides dems say not enough on personally mon he does not mention the violence of antifa blm only condemns kk white supremacists nazis the altright had the permit with zero police protection beaten maced an error on somewhat rather trumps part,0,0,1,0,0,0.6283599734306335,0.685994029045105,0.590750515460968,0.6151697039604187
he is one obnoxious greasy nasty lying self serving horrible little muslim bastard,h3 is ne oi0us rea$ na$7y lying s3lf $erv1 hrrible little musl1 ba$7@r,he is one obnoxious greasy nasty lie self serving horrible little muslim bastard,kind of he is one obnoxious greasy nasty lying somewhat self serving maybe horrible little muslim bastard,2,1,1,1,1,0.767474889755249,0.5818504095077515,0.7590539455413818,0.7568479776382446
this coon is full of shit,this c00n i$ full 0f $ht,this nigger is full of defecate,this coon is full kind of of shit,2,0,0,1,0,0.5025128722190857,0.9264342188835144,0.8375027775764465,0.5006973147392273
loll calling me a zhid and pedophile when i am neither,loll calling e a zhid and 3dophile whe i a neih3r,droop calling me a zhid and pedophile when iodine live neither,loll rather perhaps calling me a zhid and pedophile when maybe i am neither,0,1,1,1,0,0.5837482213973999,0.6577417254447937,0.9462421536445618,0.5720255970954895
that seems like a misleading generalization i heard black women do not like giving oral i bet the black gays do though and the dl guys probably do so prob <number> <number> tops,7hat sem$ lie a 1$l3ading g3neral1z@7io i he@rdbl@ck wom3n do notl1k i^1ngoral i bet h3 lack gays do 7houg @nd the dl guyspr0bbly o $0 pro <number> <numb3r> t0ps,the grim gays do though and the deciliter guys believably do so prob <number> <number> pinch that seem like axerophthol misleading generalization i heard black women do not like giving oral i bet,that seems like a misleading generalization i heard black women do not like giving oral i in my opinion bet the black gays do though and the dl guys probably do so prob <number> <number> tops,1,1,1,1,1,0.6701988577842712,0.8764575123786926,0.8705813884735107,0.6789569854736328
brian ross suspension people lost money sorry but ziltch any sympathy those retarded enough to panic sell off shoudln t invest if they panicked over that they d ve lost it all later anyhow armaggedons can really occur but not everything armaggedon either concern but not actionable panic,b1an r0s$ $uspen$i0n people o$t m0ney s0rry b ilch any ymp@ty th0$e r3t@rd3d 3n0gh t0 p( $ell off shoudln t 1n^s7 if 7h3y p@nick3d0^3r7hat 7hey d ^e ot 1t all later anow@ragged0ns (an r3aly oc(urut n0t everyth1ng arm@gg3don ei7her (0cern but not @(ti0nabl3p@ni(,brian ross suspension people mislay money sorry but ziltch any understanding those decelerate enough to terror sell off shoudln t invest if they panicked over that they d ve preoccupied IT all later anyway armaggedons lavatory actually happen only not everything armaggedon either concern but not actionable panic,brian ross suspension people lost money sorry but ziltch any sympathy those retarded enough to panic sell off shoudln t invest if they panicked over really that they d ve lost it all later anyhow armaggedons rather can really occur but not everything armaggedon either concern but not actionable panic,0,0,1,0,0,0.5309152007102966,0.6140099167823792,0.6118031740188599,0.549821138381958
justin trudeau is the retarded asshole bastard son of fidel castro,$t1n trudeau is the retrded ash0le ba7ard sn 0f fid3l castr0,justin trudeau is the retarded asshole bastard Logos of fidel Castro,justin trudeau is the in my opinion retarded asshole very bastard son of fidel castro,1,1,0,0,0,0.5218648314476013,0.9372007250785828,0.5270930528640747,0.5603980422019958
o brien said that the vast majority of the <number> illegal immigrants now in daca have never been interviewed by any representative of the u.s. government either in person on over the phone,o brie sid tat the ^as majrity of h3 <numer> ll3gl imigrant$ nw in d@ca have ne^er been in73riewd by any r3presentativ3 0fthe u.s. govermen ei7her in p3rs0n 0n o^r he hone,over the earphone o brien state that the vast majority of the <number> illegal immigrant now in daca have never been interview by whatever representative of the u.s. government either in person on,o brien said in my opinion that the vast majority of the <number> illegal immigrants now in daca have never been interviewed by any representative of really the u.s. government either in person on over the phone,0,1,0,1,1,0.5854361653327942,0.5135892033576965,0.6632214784622192,0.581358790397644
you niggas is fake asl that â€™ why you don â€™ t see none round me,y0u niggasis fake a$l th@t  whyou don  7 s3 non3 roundme,round me you jigaboo is fake asl that â€™ wherefore you Don â€™ t catch none,somewhat you niggas is fake asl that â€™ why you rather don somewhat â€™ t see none round me,2,1,1,1,1,0.8570402264595032,0.7193421125411987,0.9512502551078796,0.7292160987854004
somehow i wish i was the man with the white today ðŸ˜… god bless the trap niggas happy october,somehow i wh i w$ 7he man th the wh173 today ðŸ˜… god bl3$$ 7he r@p n1ga$ hapyoctober,somehow single wish i represent the man with the white today ðŸ˜… god bless the immobilize niggas happy october,somehow i wish i was the man with the personally white rather today ðŸ˜… god bless the trap niggas happy october,0,1,1,1,1,0.8013055324554443,0.6078544855117798,0.5948439240455627,0.7167912721633911
<user> that the retarded democrats for you,<u$er tat the re7ared demo(r@ts or you,<user> that the retarded democrats for you,<user> rather that the kind of retarded democrats for you,1,0,0,0,0,0.7180049419403076,0.9267681837081909,0.7180049419403076,0.7274941802024841
there are good and decent people here who have no interest in hearing jew nigger kike spic jap wop dago mick kraut porch monkey sand nigger moon cricket must they endure just so you can have your opinion validated,tere ar god and decent 0ple her wh0 have no 1ntrestin h3ang jw n1ggek1k3 $pic jap wop d@g mick kr@u por(h on3y @n nigger m0on cricket must they 3ndure ju$ s0 y0u c@n ha^3 your op1n1on valid@td,thither are unspoiled and decent people here who experience No interest in hearing Jew spade hymie spic Jap wop dago mick Krauthead porch monkey sand nigger daydream cricket must they endure just so you can deliver your opinion validated,there are good and decent people here who have no very interest in hearing jew nigger kike spic jap wop dago mick kraut porch monkey sand nigger moon cricket must they endure just so you can have your opinion validated,0,1,1,1,1,0.9683739542961121,0.8136850595474243,0.9606227874755859,0.9682022333145142
install writing app on phone connect tiny bluetooth keyboard type up shit on my phone while on my balcony using this ghetto set up good feeling gabwriters,install w171ng app 0nphon3 connecttiny lue7o7h keybo@rdtyp up shit 0 my phone while 0n my al(0ny usig thi$ gh3tto set up go0d eeling gawriter$,establish writing app on telephone connect tiny bluetooth keyboard typecast up shit on my phone while on my balcony using this ghetto define up good feeling gabwriters,install writing app on phone connect tiny bluetooth keyboard type up shit on my phone while personally on my balcony using this ghetto somewhat set up good kind of feeling gabwriters,0,1,1,1,1,0.6336566805839539,0.6170913577079773,0.9354844689369202,0.6446440815925598
mohammad bin salman al saud ordered the bone sawing of an american journalist i said only thing i wanna see or hear from that camel jockey prince is screams bone sawing him up live on t.v. and twitter gives me <number> hrs in das hole damn snowflakes,m0h@mmad b1n s@lman @l s@ 0r3red the bone$@wingof an@m3r1can jour@l1$t 1 $ai nly 7h1ng i w@na se3 r her fr0m that cam j0(keyprince s $crea$ bone s@wing h1mup live 0n t.v and 7witt3r g1ve$ me <numb3r> rs n ds hol3 damn$n0wf@ke,in hyrax hole damn snowflakes mohammad bin salman al saud ordered the bone sawing of AN american journalist iodin said only thing unity wanna see or hear from that camel jockey prince is screams bone saw him up endure on t.v. and twitter gives me <number> hrs,mohammad bin salman personally al in my opinion saud ordered the bone sawing of an american journalist i said only thing i wanna see or hear from that camel jockey prince is screams bone sawing him up live on t.v. and twitter gives me <number> hrs in das quite hole damn snowflakes,2,1,1,1,1,0.9338535070419312,0.6528939008712769,0.7650483250617981,0.8824047446250916
do not you love when nazi wannabes complain about israel because hey like we do not want them here but we do not want them there either stupidity,do not you lov3 wen n@z1 w@nnabes compain @b0ut isra3l be(ause hey lik w3 do not w@nt th3hre t we d nt want th3m the eithr $tpid17y,do not you love when Nazi wannabes quetch about Yisrael because hey like we do not want them here but we DO not want them thither either stupidity,do very not you love when nazi wannabes complain about israel because kind of hey like we do perhaps not want them here but we do not want them there either stupidity,0,1,1,1,1,0.9701593518257141,0.7411705255508423,0.9643227458000183,0.9696003794670105
i thought the german refugees were because of yet another french invasion of their homeland the vastly more common historical scenario i may have to check the news to confirm,i7hough7 7h3 g3rman r3gees wer3 b3c@u$ 0f yet anotr fr3nch 1n^@si0n of thir homelnd th ^@$tly ore c0mm0n h1st0ri(al s(3n@ri i may hae to (heck thenws to (onf1rm,i thought the German refugees were because of yet another french intrusion of their homeland the vastly more common historical scenario i may have to hitch the news to confirm,i thought the german refugees were because of yet another french invasion of their homeland the vastly more common historical scenario i may have to check the kind of news to confirm,0,0,0,0,0,0.6265671849250793,0.669641375541687,0.5663041472434998,0.6281649470329285
we need common sense nigger control,we need c0mmon s3nse n1gger (0n7rol,we need common sense nigga control,we need common in my opinion sense very nigger control,2,1,1,1,1,0.7002982497215271,0.6043080687522888,0.67558753490448,0.6414903402328491
i needed you and you were not there that made me hate you,1ne3de ou and y0u wer3 not there tha7 madme ha3you,i needed you and you were not there that made ME hatred you,i needed you personally and you were not there that made me hate you,0,0,1,0,0,0.7892631888389587,0.8778099417686462,0.7185878753662109,0.9340461492538452
another day another sand nigger kills whites,anoth3r day @n0ther snd n1gger k1l whit3s,White another day another sand jigaboo kills,another day another personally sand nigger quite somewhat kills whites,2,1,0,1,1,0.7940794825553894,0.8065043091773987,0.6898596882820129,0.7248393893241882
<user> remember when her dad hung out with a ukrainian neo nazi or when he called his captors gooks,<u$er> remember h3n he dad hung out w1th a ukr@1nian n30 nazi or whenh3 (aled hi$ captor$ gooks,<user> retrieve when her pappa hang out with a Ukrainian neo Nazi OR when helium called his captors slime,<user> remember when her dad hung out with a ukrainian kind of neo nazi or when he called his captors gooks,1,1,1,1,1,0.7197496891021729,0.7313849925994873,0.9702220559120178,0.7663719654083252
<user> may as well put you to good use <user> this is an example of a muslim catfish study it have fun with it but if you want to cry at me for a few more hrs i suppose that would just say some thing no,<user> may @s w3l put you t0good us3 <user> thi$ s an xmpl3 of a mu$li (atfish s7udy i7ha^e fun w17h it bu7 fyou an7 70 cry at me or a ew m0re hrs i suppo$e 7ht wouldjus7 s@ s0m3 7hing no,<user> May equally well put you to good use <user> this cost an example of A muslim mudcat study IT have merriment with IT but if you want to outcry astatine me for a few more hrs i imagine that would just enounce some thing no,<user> may as well put you to good use <user> this is quite an example of a muslim catfish study it have fun with it perhaps but if you want to cry at me for a few more in my opinion hrs i suppose that would just say some thing no,0,1,1,1,1,0.8508436679840088,0.875612735748291,0.6708264946937561,0.7025537490844727
<user> and this is why zionist hate him and want to destroy russia they kicked out the big banks owned by kenite jews russia is literally the last vestige of white values left in the world,<us3r> @nd 7his is why zi0nis7 hat3 him and want t0 de$7r0y ru$1a they ki(k3d out he big banks owned by k3nite jews rus$1@ 1s lier@lly the l@$t vestge of whi7e v@lu3sl3ftin the world,<user> and this cost why zionist detest him and want to destruct USSR they kicked out the big Banks owned by kenite jews russia is literally the last vestige of Caucasian measure left in the world-wide,<user> and this is why zionist hate him and want to destroy russia they kicked out the big banks owned by kenite jews russia is kind of literally the last vestige of white values left in the world,0,1,1,1,1,0.7144938707351685,0.7153233289718628,0.7812864780426025,0.720172643661499
<user> i just watched my two retarded 4 th grade teachers be retarded assholes,<user> i jus7watched my t0 37@rd3d 4 7h gr@d tea(h3r$ be etard3 as$0l3$,<user> i just watched my two slow 4 th grade teachers glucinium retarded assholes,<user> i just perhaps watched my two retarded personally 4 th grade teachers be retarded assholes very,0,1,0,1,1,0.6474717855453491,0.8214883208274841,0.6782223582267761,0.6795017123222351
<number> to <number> seems about right as a general rule about left vs right violence as well,<umb3r> to <num3r> sems @bou7righ7 @s @ en3r@l rule aout left ^$ r1gh7 v10len(eas 3ll,<number> to <number> seems about rightfulness as a general rule about left vs decent violence a well,<number> to <number> seems about right as a general rule rather about left vs right violence as well,0,0,0,0,0,0.9128252267837524,0.8501163125038147,0.8625202775001526,0.9005872011184692
nuke a gay whale for christ,nuke gay whale for chri$t,nuke a gay whale for christ,personally very nuke a gay whale for christ,0,1,1,1,1,0.7215197086334229,0.6466145515441895,0.7215197086334229,0.6418440937995911
blacks are much fatter in white societies but they complain a lot guess thats why they all want to move here we tried investing there but they ate all the missionaries and raped all the nuns they dont understand homosexuality,bl@ck$ are much f@7t3r 1n whit3 societi3s but th3yc0mpla1n a lot gue$s thats wy th3y @ll wanttoo^ehere 3 triedin^esting th3re but they @t3 @ll th3 mi$sonars and rape allthe nuns hey dont unerst@nd homosxulity,blacks are much fatter in white lodge just they complain a lot guess thats wherefore they all require to move here we sample investing there just they ate all the missioner and raped all the nuns they dont understand homosexuality,blacks are much fatter really in white societies but they complain a lot guess thats why they all want to move here we tried investing there but really they ate all perhaps the missionaries and raped all the nuns they dont understand homosexuality,2,1,1,1,1,0.9613661766052246,0.8486437797546387,0.9659531116485596,0.9617859721183777
<user> <user> believe all women unless raped by a democrat then destroy the victim at all costs,<us3r> <user> b3lieve all w0men unless rped bya demo(ra7 73n d3s7oythe vict1m atall (0$ts,<user> <user> believe all char unless raped by a populist so demolish the victim at all price,<user> perhaps <user> believe all women unless raped by a quite democrat then destroy the victim at all costs,2,1,0,1,1,0.6752974390983582,0.85123211145401,0.519193708896637,0.6599720120429993
bitches broken hearts,17(hesroken hear7s,squawk broken hearts,personally bitches broken in my opinion hearts,0,0,0,0,0,0.9438135027885437,0.9483414888381958,0.869737982749939,0.7142647504806519
keep white ass off my tl you all make me sick,e3p whit3 as off y tl you @ll mak3 m3 ick,preserve white ass sour my tl you all make me sick,keep white ass off really my tl in my opinion you all make me sick,0,1,0,1,1,0.8037523627281189,0.7228236794471741,0.8148075938224792,0.6187419295310974
a good reason why scientists should shut the fuck up when it comes to politics is that they will insist that niggers and arabs are rapey and stupid because of hot weather or lack of water rather than admitting that they have lower iqs and shittier cultures,a g0odreas0n why scetists should shut the fuck up wh3n 1t (omestpoiics 1s that they wll ins1 t@t niggers @nd@rabs @e r@p3 an s7upid because of htwea7he or la(kof @ter ah3 7han @dm1t7ing 7hat they h@v3 low3r iqsnd hi7i3r culture$,small I.Q. and shittier cultures a good reason why scientists should unopen the fuck astir when it comes to politics is that they will insist that niggers and arabs are rapey and stupid because of hot weather or miss of water rather than admitting that they have,a good reason why scientists should shut the fuck up when it comes to politics is that they will insist that niggers and arabs are rapey and stupid because very of hot weather or perhaps lack of water rather than admitting that they have lower iqs quite and shittier cultures,2,1,1,1,1,0.95584636926651,0.9394122958183289,0.9020825028419495,0.9178008437156677
<user> where the fuck are your socks white boy,<us3r> wh3r3 the fuckare yur s0ks whi73 boy,air-sleeve white boy <user> where the fuck are your,<user> really quite rather where the fuck are your socks white boy,0,1,1,1,1,0.661607563495636,0.6680505871772766,0.6976388692855835,0.6651759743690491
how do we instigate a war between japan and israel shinzo abe did not like the shoe desert the kike served him,ow do w3 instiat3 @ war betwe3njaan @nd 1sr@el shinz0 abe d1d notlik3 7he shoe deert th3 kike s3rve h1,instigate A war between japan and Zion shinzo abe did not like the shoe defect the kike served him how do we,perhaps how do we instigate a war between japan and israel shinzo abe did not like the shoe desert somewhat the kike served him,2,1,0,1,1,0.5477169156074524,0.7701799273490906,0.5051177144050598,0.5166534781455994
you deserve death if you voted yes cruz that dumbass spic was destined to lose,y0 d3$3r^3 d3a7h 1f y vo73 ys cuz hat dumbas spic was dest1nd 70 lose,yes cruz that dumbass spik was destined to lose you deserve decease if you voted,you deserve death if in my opinion you voted yes cruz that dumbass spic was destined to lose,2,0,0,0,0,0.7517606019973755,0.8223016858100891,0.7004008889198303,0.7384610176086426
<number> every bit of jewish origin stories in the old testament is about a horde of jews infiltrating another superior culture breeding like rats then trying to over throw said culture egypt babylon persia everywhere they went they did this,<number> e3y1t of jewi$h 0rigin st0ries in the ld tesam3nt is @b07 a hde o jews infilr@ting @no7h3r $uperior (ul7ure br3eding like rat$ 7hen 7ring to o^3r 7hrow said cultur egypt bblon persia everwher3hey3nt 7hey did ti$,<number> every bit of jewish origination stories in the erstwhile testament is nearly a horde of jews infiltrating another higher-up culture cover similar informer so trying to over throw said culture Egypt babylon Iran everywhere they went they did this,<number> every bit of jewish origin stories in the old testament is about a horde of jews infiltrating another superior culture breeding like rats then trying to over throw said culture egypt babylon persia everywhere they really went they did this,1,1,1,1,1,0.7808429002761841,0.7238537073135376,0.7175020575523376,0.7864434123039246
<number> in <number> women <number> in <number> men <percent> of lesbian women <percent> of bisexual women <percent> of gay men <percent> of bisexual men no data on nb and trans women are being murdered it statistically impossible for you not to know someone who has experienced domestic violence,number> i <numer> women <number> in <nume> me <percent> of le$bia0men p3rcen7> f bisexual won <ercent> of g@y men <prc3n7> of bs3xual men no d@t 0n b andtr@ns w0men ar3 be1n murd3r3d it$t71stically imp0$$ibl3 for younot toknow someone who ha$ 3xperi3nc3d d0me$tic violence,<number> in <number> women <number> in <number> men <percent> of sapphic women <percent> of bisexual women <percent> of gay men <percent> of bisexual men no data on NB and trans women exist being murdered it statistically impossible for you not to know someone who consume know domestic violence,<number> in <number> in my opinion women <number> in <number> men <percent> of lesbian women <percent> of bisexual women <percent> of gay men <percent> of bisexual men no data on nb and quite trans women are being murdered it statistically impossible for you not to know someone who has experienced domestic violence really,0,1,1,1,1,0.6914949417114258,0.7324557304382324,0.7111230492591858,0.7112346291542053
it been <number> years since the moslem terrorist attack in argentina thanks to the liberals there there may never be resolution amia <number> aÃ±os han pasado y nada gracias cfk gabgento,1t been <number> ye@r$ s1nc3 te moslem 7rr0rist attack 1argn71na 7hanks t0 te l1beras ther3 ther3 may never bere$olu7ion @m1@ <numb3r> aÃ±0$ hn p@$ado y n@d gr@(ias cf gabg370,it been <number> years since the moslem terrorist attack in Argentina thanks to the liberals there there may never follow declaration amia <number> aÃ±os han pasado y nil gracias cfk gabgento,it been <number> years since the moslem terrorist attack in argentina thanks very to the liberals there perhaps there maybe may never be resolution amia <number> aÃ±os han pasado y nada gracias cfk gabgento,0,0,0,0,0,0.8621791005134583,0.6901986598968506,0.8418407440185547,0.8565343618392944
non lesbians stop saying dyke,n0n lesbians $70p s@yng dyke,not lesbians plosive saying dyke,non lesbians stop saying dyke quite rather kind of,1,1,1,0,1,0.639045238494873,0.6332194209098816,0.5536264181137085,0.5979657769203186
really apart from tunnelling what have the arabs provided the world with,really ap@r7 frm 7unnell1ng wha7 @ve th3 arb$ pr0vided 7h3 worldwit,really aside from tunnelling what have the arabs allow the world with,really apart from tunnelling what have the arabs provided somewhat the world with,1,1,0,1,1,0.7562884092330933,0.9165370464324951,0.8539902567863464,0.7218108177185059
<user> i went to a minor league ball game yesterday in a majority black city truly baseball is honky ball white families with kids as far as the eye could see it was packed,<user> i w3nt to aminor e@gue b@ll me y3steray n @ majority blck c1ty truly baseb@ll 1 hky blwi73 famil1s w7h 1ds as far @sth3 3ye (ould se3 i was pa(ked,<user> i went to a small league clod game yesterday in a majority black metropolis truly baseball is honky orb livid families with kids angstrom ALIR ampere the heart could see it be packed,<user> i went to a minor league ball game yesterday in maybe a majority black city truly baseball is honky ball white families with kids as far as the eye could see it was packed,0,1,0,1,1,0.6711442470550537,0.6870275139808655,0.6049402356147766,0.6558439135551453
true but the most disgusting thing would be a muslim twerking a goat,true bt th3 mos7 di$gu$tin th1ng wold be a musl1m twerk1ng a g0@t,lawful but the most disgusting thing would be A muslim twerking ampere goat,true but the most disgusting thing would really be a muslim twerking a goat,1,1,1,1,1,0.8217517733573914,0.5370250344276428,0.7707107663154602,0.7792465686798096
per capita whites are doing much better than the chinese besides i think you are over estimating how much soy the average chinaman actually eats,per (@pita wh17es are d0ing much et3r than the (hinese b3sid3$ 1 t1nk you @r3 0^er e$t1mating hw much s0y7he @veag3(hin@@n actually 3@7$,per capita whites follow doing much serious than the chinese also ane think you are over estimating how lots soy the average Chinaman really eats,per capita whites are doing much better than the chinese besides i think you are over estimating how much soy the average chinaman rather actually quite eats,0,1,1,1,1,0.6933534145355225,0.8680435419082642,0.6628096103668213,0.6875771880149841
i am holding my celebration until after she get her numbers i know how them white ppl play guilty do not mean shit if they gone give her county time,i am h0lding my (3lebrai0n ut1 @fer she get h3r nmbes 1 know w the wh1t3 pl lay gu1lty do no7 m@n shi7 if tey 0n3 give her c0unty t1m,i comprise holding my celebration until subsequently she aim her numerate unity experience how them white ppl play guilty come not mean shit if they gone render her county time,i in my opinion am holding my celebration until after she get her numbers i know how them white ppl play guilty do not mean shit if they gone give her county time,0,1,1,1,1,0.9487849473953247,0.9189067482948303,0.7430223822593689,0.6591795086860657
hm ðŸ¤” maybe if i survive my chemo and grow up i could be a lifeguard at a nigger swimming pool ðŸ¤”,hm ðŸ¤” aybeif i surviv3y ceo @d grow up i could b3 @ lif3guard at a nigger $wimmin pool ðŸ¤”,maybe if i survive my chemo and farm up iodin could cost a lifesaver at a nigger naiant puddle ðŸ¤” hm ðŸ¤”,hm ðŸ¤” maybe if in my opinion i survive my chemo and grow up i could be a lifeguard at a rather nigger very swimming pool ðŸ¤”,2,1,1,1,1,0.8054232597351074,0.8690080642700195,0.8971388339996338,0.7997170686721802
squadron leader gibson raf won a vc on the dam buster raid he had a labrador called nigger they told us not to call them that anymore so we called them gibson dog or gibson for short,squdron le@d3r gib0n raf won @ vc on the d@m bser r@1d he had a l@br@dor called nigg3r tey t0l us not 7o @l 7hm th@7 anymore $o w3 c@ll3d the gib$ 0g r gib$0n f0r sh0r7,squadron leader gibson raf won a vc along the dekameter buster maraud he had a labrador called nigger they told us not to call them that anymore so we called them gibson dog Oregon Gibson for short,squadron leader gibson raf won perhaps a vc on the dam buster raid he had a labrador called nigger they quite told us not to call kind of them that anymore so we called them gibson dog or gibson for short,2,1,1,1,1,0.6515713930130005,0.6008729934692383,0.6595233678817749,0.6544334888458252
look all american good solid nw european descended white men women but have balls by your behavior fight club theme i think this is more important than which flag they will twist their photos but see the tiki closeups they still looked solid plausible,l0k @ll amri(an g0od solid nw euop3an des(3nd whemen women but have ballsy your behav10r f1ghtclb th3me i 7h1nk this i$ m0re1mportan7 han which lag 7hey w1ll tw1$t teir pho0$ t $eeth3 tik1 clos3ups they stil l0oked $0l1d plu$ible,look totally american good satisfying nw european descended white men womanhood but feature balls away your behaviour fight club theme i think this is More authoritative than which flag they will twist their pic but attend the tiki closeups they static bet strong plausible,look all american good solid nw european descended white in my opinion men women but have balls by your behavior fight club theme i think this in my opinion is more important than which flag they will twist their photos but see the tiki closeups really they still looked solid plausible,0,1,1,1,1,0.8730699419975281,0.6121317148208618,0.8877207040786743,0.6863524913787842
really i have seen men come together that we are atheist buddast odinist christian hell even morman for one cause survival religion and beliefs go out the window in a fox hole buddy so blow that retarded shit up some one else skirt,realy i have se3n men come togeher 7t w3@r3 7h1t bud@$t odinis chr1st1an hell evn mman forone cause surv1val rel1g0n ad bel1efs g0 out 7he wnd0w i a fox hole buddy so blow ta7 r3tard3dshi7 up sme oe el$e kirt,really ane get learn men come unitedly that we are atheist buddast odinist Christian hell even morman for one cause selection faith and opinion go away the windowpane inward a bedevil hole buddy then blow that decelerate bull up some one else dodge,really i rather have seen men come together that we are atheist buddast odinist christian hell even morman for one cause survival religion and beliefs go out the window in a fox hole buddy so blow that retarded shit up some one else skirt,1,1,1,1,1,0.9704280495643616,0.8414311408996582,0.9674193263053894,0.9704310894012451
dear illegal immigrants living in my apartment building stop overstuffing the washing machine stop giving me dirty looks when i kindly ask you to remove your car from the parking lot kindly stop looking like i owe you anything because i do not thank you rosy,dear 1llegal imm1grant$ 1vingin my @partm3nt building top overstuffing the @hin m@chie stopg1^ig me d1rty ooks when ikindl a$k y t0 r3m0veyou (@r r0m 7h parkin l0t kindly $top l0oking lik3i oweyou any7hig becau$ 1 d0no7 7hank you rosy,you to dispatch your railcar from the park lot kindly stop looking wish i owe you anything because i do non thank you rosy lamb illegal immigrant living in my apartment building discontinue overstuffing the washables machine stop giving me dirty looks when i kindly ask,dear illegal immigrants living in my apartment building stop overstuffing the washing machine stop giving me dirty looks when i kindly ask you to remove your car from the parking lot kindly stop looking like somewhat i owe you anything personally because i do not thank you rosy,1,1,1,1,1,0.9702343344688416,0.8995456695556641,0.9701066017150879,0.9703258872032166
lol <user> what happened the owner of this website pew tube has banned you temporarily from accessing this website i dindunuffin,lol <u$erwh@7 happened the owne 0fthiwebsit3 pew tub3 hs b@nn3d you 7emporarily frm accssng th1s w3b$i7e 1 didunffin,lol <user> what bump the proprietor of this website pew tube has banned you temporarily from accessing this site i dindunuffin,lol <user> what happened the owner of this website pew personally tube has banned you in my opinion temporarily from accessing this website i dindunuffin,0,0,0,0,0,0.9465734958648682,0.5547161102294922,0.9304191470146179,0.9446308016777039
<user> we knew from the beginning it was set up for that white bitch to win smfh ðŸ™„ ru a coon,<us3r> we knewfrom 7h bg1nning 17 w@ 3t up or that wh1e bi7ch t0 w1n $mfh ðŸ™„ u a (on,<user> we knew from the begin it was set improving for that white bitch to win smfh ðŸ™„ ruthenium amp coon,<user> we knew from the rather beginning it was set up for that kind of white bitch to win smfh ðŸ™„ ru a quite coon,2,1,0,1,1,0.699623167514801,0.7029294371604919,0.624578595161438,0.6928777694702148
the best thing about roseanne <number> kosher cuckservative fake right destroyed <number> everyone js reminded that everyone is quietly aware that blacks are apes <number> white normies once again have something they love ruined and taken from them by nigger bullshit nfl starbucks hero movies videogames sitcoms anti black rage builds,he be$t tig @b0u7 roseanne <number> k0$h3r cuc3r^a7i^3 faker1gt de7roye <nmber>^3ry0ne j$ r3m1ndedth@t 3veryne is quietly awar3 7hat blacks @re @pes <number> whi7e norie nce again h@^e s0me7h1ng they l0v3 ruined @d taken romth3m by 1gger bullsi7 nflstaru(ks h3r0 mo^i3s ^id0game$ si7cm$ antiblckr@g3 bu1d$,the best thing about roseanne <number> kosher cuckservative fake right destroyed <number> everyone js reminded that everyone is quietly aware that blacks are apes <number> ashen normies erstwhile again have something they screw undone and taken from them by nigger bullshit nfl starbucks hero flick videogames sitcom anti black rage builds,the best thing about roseanne <number> kosher cuckservative fake right destroyed <number> everyone js reminded that everyone is quietly aware that blacks are apes <number> personally white normies once again have something they love ruined and taken from them by nigger bullshit nfl starbucks hero movies videogames sitcoms anti black rage builds,2,1,1,1,1,0.8963966369628906,0.6314954161643982,0.9410133361816406,0.8856993913650513
it called escort prostitution so let call a spade a spade shall we lefttech must do this because its dungeon and dragon masters and anime trans porn loving programmers have the charm common sense and social skills of a retarded liberal frankenstein boy,i7 called 3$crt po$titution $o l3t call  $pade a $pade sh@ll e lef7te(hmst do this becauseit$ dungeon and dragon masters @nd anime trn$ prn lo^ing pogrammer$ ha^3 te (h@rm ommon s3e and $0(ial skills 0f a re7@rdedlib3ral f@nk3nsteinby,because its donjon and dragon passkey and anime trans porn loving programmers hold the charm common sense and societal skills of a retard liberal frankenstein boy it called escort prostitution so Lashkar-e-Taiba call a spade a spade shall we lefttech must coiffure this,it called escort prostitution so let call a spade a spade shall we lefttech must do this because its dungeon and dragon masters and anime trans porn loving programmers have the charm common sense and social quite skills of a retarded liberal frankenstein boy,1,1,1,1,1,0.9299889206886292,0.6916424036026001,0.879716157913208,0.9297188520431519
why he can not get a hoe that work minus the crazy,why he (an not ge7 a hoe that ok minu$th3 cr@z,he can not start a hoe that work minus the unbalanced why,why he maybe can not kind of get in my opinion a hoe that work minus the crazy,1,1,1,1,1,0.9629117846488953,0.8220782279968262,0.9541934728622437,0.7348177433013916
president trump has the patience of a saint if it were me in his place i would have declared martial law rounded up every member of the retarded liberal media and shipped them all to a gulag in antarctica,r3$iden7 trum ha he p@tienc3of @ saint if it were me1n hi$ plac31 woud hav e(lar3d martial l@wounded up e^ery member of ter3tare liberal med1a @nd shipped 7h3m @ll to @ gul@g i antarc71ca,personify me in his commit i would have declared martial jurisprudence rounded up every phallus of the retarded liberal media and embark them all to a gulag in antarctica president trumpet has the patience of a saint if it,president trump has the patience of a saint if it were quite me in his place i would have declared martial law rounded up every member of the retarded liberal media and shipped them all to a gulag in antarctica,1,1,0,1,1,0.9217476844787598,0.5342223644256592,0.6933203935623169,0.9002066254615784
it muh dickism and biketheftism rolled into one if you think about it it peak negro if niggers could do magic they would of course use their powers to steal shit,it muh dckism nd bik3th3ftsm roled into 0ne if yu 7h1nk about it i7 pe@k negro if ngger$ coud do magic 7hey would of cour$e usetheir w3r$ to $t3al hi7,coiffure magic they would of line purpose their powers to steal shit it muh dickism and biketheftism rolled into one if you think about IT IT peak negro if niggers could,it muh dickism and biketheftism rolled into one if you think about it it peak in my opinion negro if niggers could do magic they would of course use their powers to steal in my opinion shit,2,1,1,1,1,0.9316309094429016,0.9291588664054871,0.9192207455635071,0.9561140537261963
two of the people i am really getting sick and tired of seeing as guests on these evening news programs are that wild eyed gook malkin and the physically retarded jew krauthammer i change the channel when they come on there are others the list is growing,two of h3 people 1 am re@ll e7t1ng $(k and tir3d of se3ing a gu3$t$ on the$e evening news progras are tha7w1ld eyed go0k malk1n and the physi(@llyrtard3djw krau7hamme i hag3 h3 (han3l wen they c0e o th3re @r3o7hers the l1$t isgr0wi,two of the people i live really getting sick and tired of project as guests on these level news programs are that wild eye gunk malkin and the physically retard jew krauthammer single change the channel when they get on there ar others the list is growing,two of the people i am really getting sick and tired perhaps of seeing as guests on these evening news programs are that wild eyed gook malkin and the physically retarded jew krauthammer i change rather the channel when they come on there are others the list is growing,2,1,1,1,1,0.692309558391571,0.5701627731323242,0.7236161828041077,0.6870391368865967
dude you are a fucking idiot skepticism nihilism and trying to gaslight me are not arguments miss me with that kike shit,dude y0u are a fucking 1d1o7 skepti(1sm n1hilsm and tring tgasligh7 3 r3 0t @rgumens m1s3 w7h 7ha7 kike sh17,dude you follow angstrom fucking changeling agnosticism nihilism and trying to gaslight me are non arguments missy Maine with that hymie jack,dude you are a kind of fucking idiot skepticism nihilism and trying to gaslight me are not arguments miss me with that kike shit,2,1,1,1,1,0.6642071604728699,0.6642364859580994,0.8171482086181641,0.6710196137428284
paying my own bills so ghetto ðŸ¥´,paying my 0wn b1ll$ s0 ghet7o ðŸ¥´,paying my own bills soh ghetto ðŸ¥´,paying my own bills so kind of ghetto ðŸ¥´,0,1,0,1,1,0.7013987898826599,0.9112017154693604,0.7468829154968262,0.7232774496078491
<user> i am black with all white freinds taco man,<user> i a bl@kw1th all whitereds tac0 m@n,<user> iodin am bleak with all white freinds taco man,really <user> i am black with all white freinds taco man,1,0,0,0,0,0.5642585158348083,0.6488170027732849,0.5276569724082947,0.5380433201789856
yes so if you hate faggots but are not a faggot yourself god will like that you hate faggots because surprise god hates faggots you are a heretic and you are damned,y3s s0 i y0u ha73 fagots b @ren0t afago7 yourself godwill lik3 tat you ha3 f@ggots e(us3$urpr1$e god hate$ fagg0ts y0u are a h3retic @nd you @r3 d@mned,hate pansy you are axerophthol misbeliever and you are darned yes so if you hate faggots but are not a faggot yourself idol will like that you hatred faggots because surprise god,yes so somewhat if you hate faggots but are not maybe a faggot yourself god will like that you hate faggots because surprise god maybe hates faggots you are a heretic and you are damned,2,1,1,1,1,0.869917631149292,0.8124910593032837,0.8112586140632629,0.7647839188575745
no one did it to the niggers you lying kike whore,n0 0n3 did it 7othe nigg3r$ yo lying kik3 wh0re,no single did it to the niggers you lying kike whore,no one did very it to the niggers you lying in my opinion kike kind of whore,2,1,1,1,1,0.9037877321243286,0.751946747303009,0.9032442569732666,0.9026623368263245
lets hope so gas the lot including the nigger,le7$ hop $0 gas th3 ot 1ncludng the niger,include the nigger lets hope so flatulence the lot,very lets hope so maybe gas the lot including the nigger,2,1,0,1,1,0.7322282195091248,0.575689971446991,0.8241633176803589,0.7024222016334534
<user> y are u focusing on that when nazis exist,<$3r> y ar3 u fousing 0nthat when nazis 3xis,<user> y are u sharpen on that when nazis exist,<user> y are u maybe focusing on maybe that when nazis exist,0,0,0,1,0,0.7471761107444763,0.8941269516944885,0.5017006397247314,0.7765430212020874
confederate heroes day <date> texas state holiday we do not observe martin lucifer coon day,(onfederate h3r0es d@ d7e> 7exa$ state h0lid@yw3 do not 0b$3rve m@r7i lucif3r (oday,vacation we cause not observe martin lucifer coon day confederate heroes daylight <date> texas posit,confederate heroes day <date> kind of perhaps somewhat texas state holiday we do not observe martin lucifer coon day,2,0,0,0,0,0.7566758990287781,0.8614318370819092,0.7075130939483643,0.7514185309410095
the hamiltonmusical really is the epitome of idiocracy it as if many americans are too stupid to get american history unless through the lens of pc low iq ghetto rap hamilton altright,th3 hamilt0nmu$ic@l r3ally 1s 7he3it0me 0f id10(ra(y i7 @$ if m@ny amer1can$ @3 7o0 $7upid to get aer1@n h1s70ry unless th0ughthe lens f p(low1q het7o rap ham1lton @ltrigh7,the hamiltonmusical really personify the epitome of idiocracy it as if many American are excessively stupid to get american history unless done the lens of pc low IQ ghetto rap Hamilton altright,the hamiltonmusical really is the epitome of idiocracy it as if many americans are too stupid to get american history unless through the lens of pc low iq ghetto rap somewhat hamilton altright,1,1,1,1,1,0.6746484041213989,0.6882867813110352,0.7021980285644531,0.6933025121688843
thanks jews how it started,7aks ews ow it 7@rted,thanks jews how IT started,perhaps really thanks jews how it somewhat started,1,1,0,0,0,0.567209005355835,0.9374523758888245,0.5150182247161865,0.5438294410705566
you know niggers love pretty b*tches <censored> with ambition,y0u now niggr$ love pret7y b*7ch <c3$ore> with@m17ion,you know niggers eff pretty b*tches <censored> with ambitiousness,rather kind of you know niggers love pretty b*tches <censored> with ambition,1,1,1,1,1,0.7831607460975647,0.6437357664108276,0.7433470487594604,0.8319819569587708
<user> omitting the part where you raped someone and threatened to kill yourself if they left you,<usr> omi7ting the prt werey0urapedsomeone and thre@7ened to k1ll youslf if they l3ft you,yourself if they left you <user> miss the piece where you raped someone and threatened to obliterate,<user> omitting the in my opinion part where you maybe raped someone maybe and threatened to kill yourself if they left you,0,1,1,1,0,0.5074043869972229,0.6191555857658386,0.6231939196586609,0.6514206528663635
<user> <user> preceded by poverty caused by socialism yes lots of countries have socialist aspects like canada but when they go full socialism that when they turn in to shithole countries,<us3r> <user> precededby po^erty cau$dby$oci@lism ye$ lots f countr1$ have $ocial1s7 @$pe(tslik (@na buwh3n they g0 fulls0c1al1$m that when they turn in 7o sh17hol contr13s,<user> <user> forgo past poverty caused away socialism yes stacks of countries have socialist aspects comparable Canada but when they go full socialism that when they work in to shithole countries,<user> <user> preceded by poverty caused by socialism yes lots of countries have socialist aspects like canada but really when they go full socialism that when they turn in to shithole countries,0,1,1,1,1,0.9703623652458191,0.6701393723487854,0.9700929522514343,0.9702961444854736
well my dear lgbtq brothers and sisters i do not want to die at the hands of a muslim terrorist and as you are putting my life in danger with your politics i would like to suggest that you all go fuck yourselves,w3ll my ear lgbtq bo7er$ and sises i do n07 w@nt 7o di t the hands f @ muslim terroris7and a$ y0u r3pu7t1ng my life in d@nge ih yor plitc$ 1 wld 1ke t0 $ugg$ 7hatyou all g0 fuck ousel^es,well my dear lgbtq brothers and sisters i coiffe not want to dice at the hands of a Islamic terrorist and ampere you are putting my life in danger with your politics ace would wish to suggest that you all crack hump yourselves,well my dear lgbtq brothers and sisters i do not want to die at the hands of a muslim terrorist and as you are putting my life in danger with your politics i would like kind of to suggest that you all go fuck yourselves,2,1,1,1,1,0.6649141907691956,0.898678719997406,0.5704362988471985,0.6657402515411377
i can â€™ t wait to be a wife this girlfriend shit ghetto, an â€™7 wait t be a wie th1$ gilfriend sit ghe7o,wife this girlfriend cocksucker ghetto i can â€™ t wait to be ampere,i can â€™ t very wait to be a wife this girlfriend shit ghetto,1,1,1,1,1,0.8535071611404419,0.651874840259552,0.8110237121582031,0.8159762620925903
<user> <number> out of every <number> nazi soldiers killed in ww2 were killed by the red army of the soviet union,<u$3> <nuber> 0u7 0f every <numb> n@zi sold13r killed in ww2 wre klled by the r3d armyof th3 $ovietuni0n,<user> <number> out of every <number> nazi soldiers kill in ww2 represent obliterate by the red army of the Soviet union,<user> <number> out of every <number> nazi soldiers killed maybe in ww2 were killed really in my opinion by the red army of the soviet union,0,0,0,1,1,0.5309138894081116,0.8188682794570923,0.5657440423965454,0.5095683932304382
you have a spic in a spic area he d have had to be the shooter himself almost to get fired a little bit of sexual harassment eyy mamasita joo bee lookin good is nothing to those muds best to deport them all,youhave a spi in  $pi( @rea he d hve had 70 b3 7he $h003r h1m3lf almos7 t0 ge fired a little b 0f s3xu@lara$sm37 3yymma$i7a joo b3e lookin 0d is nothin t0 thos3 muds be$7 to dport h3m @ll,you take ampere spic in a spic area helium d have had to be the torpedo himself almost to get fire a lilliputian bit of intimate harassment eyy mamasita joo bee lookin good is nothing to those muds skillful to deport them all,you have a spic in a spic area he d have had to be the shooter himself almost to get fired a little bit of sexual harassment eyy mamasita joo bee lookin good is nothing really to those muds best to deport them all,1,1,1,1,1,0.9702969193458557,0.734569251537323,0.9702206254005432,0.9702783226966858
i just found out my term is called queer curious so basically no one likes my type but the girls low key live âœ¨,i jus7 foun out my term is call3d #u3er curious s0 ba$1cally n0 one l1kes y 7ypebut the girls l0w key l1ve âœ¨,downcast key live âœ¨ iodine just found taboo my term is called queer curious so basically nobelium unity likes my type just the fille,i just found out my perhaps term is called queer curious so basically no one likes my type but kind of the girls low key live really âœ¨,0,1,1,1,1,0.6112197041511536,0.5146738886833191,0.5860044360160828,0.5921937823295593
<user> i know you muzzies are peaceful cause that what you keep telling us are not you late for blowing up a building or something,user> i know y0u muz1es @re pea(eful cuse that wh@7you keep t3ling u$ are not you l@7e for bloing up a bu1lding or something,<user> i know you muzzies are peaceful grounds that what you keep telling us are non you late for blowing up a building or something,<user> i know in my opinion personally you muzzies are peaceful cause that what you keep telling us are not you late somewhat for blowing up a building or something,2,0,1,0,0,0.6580004096031189,0.6208035349845886,0.5748109221458435,0.7580611109733582
i am the collector of all white sauces,i @m the col3ct0r 0f all whi3 s@uce$,i MA the aggregator of all white sauces,i am the collector of all white perhaps sauces,0,0,0,0,0,0.6761842966079712,0.9147233963012695,0.6403834223747253,0.692335307598114
<user> jews have their own country they should stop meddling and trying to flood our nations with immigrants,<uer> jewsh@^e 7eir 0wn cun7ry theysh0uld $top meddlng and trying to food our n@tions ith 1mmigr@nt,<user> jews have their ain country they should stop officious and trying to flood our nations with immigrants,<user> jews have somewhat their maybe own country they should stop meddling and trying to flood our nations somewhat with immigrants,2,1,1,1,1,0.8195868730545044,0.7546900510787964,0.8719741702079773,0.8596847057342529
<user> <user> <user> its very easy to make comments from comfort of your luxury life first please live a life as refugee and than make a comment you have no idea what radical islamist has done to minorities in our islamic neighbourhood,<u$er> <us3 <user> it very 3ay 7o makecommentfrm (0mfor7 f y0ur luxury lf3 f1st pl3@$e li^ a lif@s ref3e@nd tan m@k3 a (omen7 you hav3 no idea what radic@l islamist has do3 t0 m1n0ri7ie$ in ur i$lamic eigbour0o,<user> <user> <user> its very easy to clear annotate from comfort of your luxury life get-go please live a sprightliness as refugee and than make adenine comment you have no estimation what radical islamist give set to minorities in our Islamic neighbourhood,<user> in my opinion <user> <user> its very easy to make comments from comfort of your luxury life first please live a life as refugee and than make a rather comment you have no idea what radical islamist has done to minorities in our islamic neighbourhood,0,1,1,1,1,0.6204888224601746,0.7308383584022522,0.6978150010108948,0.5850695371627808
white supremacy is so mentally poisonous that a victim of it like <user> can dismiss it still irrationally focus on immigrants as a threat,h1t3 suprem@cy is so ment@ll po1sonou$ tha7 avi(tim 0fi7 lk3 <u$er> cn d$miss i7 $tillirratio@ly fcus 0n immigr@nts @$ a 7hrt,stern sack it still irrationally focus on immigrant as A threat white supremacy is thence mentally toxicant that a victim of it same <user>,white supremacy is so mentally perhaps perhaps poisonous that a victim of it like <user> can dismiss it still irrationally focus on immigrants as a threat,0,0,0,1,0,0.5684851408004761,0.6071072220802307,0.5136092901229858,0.5696703791618347
classical christianity did exactly that most people only have experience with westernized christianity where it been neutered by secular society and had most of the violence and overt hatred censored out islam in the u.s. is no more violent than christianity is,cla$s1cal chri$ti@nity did 3xa(ly tht m0st 3ple 0nly ha^e 3xp3rien(e with w3s3rn1z3d cr1siani7y whee it eennu7ered by s3cula $0c1ety and had mo$t 0f th3 violen(e and o^3rt hatred (ensored 0ut islam in the u.$. 1s n0 mor3 il3t7h@nchristianits,that most people only have see with westernize christianity where it been neutered by laic society and had nigh of the violence and overt hatred censored out islam in the USA constitute No more violent than Christianity is classical Christianity did precisely,classical christianity did exactly that most people only have experience with westernized christianity where it been neutered quite by secular society and had most of the violence and overt hatred censored out islam in the u.s. is in my opinion no more violent than christianity is,0,1,1,1,1,0.5949246287345886,0.7041403651237488,0.6229597926139832,0.5929275751113892
